"Timestamp","Username","NAME(AS PER UR SSC)","ROLL NO","MAIL ID (PERSONAL)","WILLING TO COME TO COLLEGE FOR CATIA TRAINING","R U INTERESTED TO JOIN IN HYUNDAI"
"2024/03/21 3:00:19 pm GMT+5:30","saimadhurigunapalli@gmail.com","GUNAPALLI V V K SAI MADHURI ","20A31A0302 ","saimadhurigunapalli@gmail.com","YES","YES"
"2024/03/21 3:02:06 pm GMT+5:30","nandu999ganesh@gmail.com","GORIJALA NANDU GANESH ","20A31A0316","nandu999ganesh@gmail.com","YES","YES"
"2024/03/21 3:02:18 pm GMT+5:30","nsuryasurya29@gmail.com","NAIDU NAGA SURYA","20A31A0336","nsuryasurya29@gmail.com","YES","YES"
"2024/03/21 3:02:36 pm GMT+5:30","20a31a0355@gmail.com","VANAPALLI SRIRAM ","20A31A0355","sriramvsr08@gmail.com","No","YES"
"2024/03/21 3:02:51 pm GMT+5:30","veerendrasadhanala2002@gmail.com","Sadhanala Veerendra ","20a31a0347 ","veerendrasadhanala2002@gmail.com","YES","YES"
"2024/03/21 3:02:55 pm GMT+5:30","21a35a0322@pragati.ac.in","Pechetti Krishna","21A35A0322","pechettikrishna60@gmail.com","YES","YES"
"2024/03/21 3:02:59 pm GMT+5:30","saladichandana254@gmail.com","SALADI CHANDANA  SAI VENKATA NOOKARATNAM","20a31a0305","saladichandana254@gmail.com","YES","YES"
"2024/03/21 3:03:03 pm GMT+5:30","surendra32288@gmail.com","ELISETTI SURENDRA ","20a31a0313","surendra32288@gmail.com","YES","YES"
"2024/03/21 3:03:26 pm GMT+5:30","saiankam2242@gmail.com","ANKAM SAI ","20a31a0308","saiankam2242@gmail.com","YES","YES"
"2024/03/21 3:04:13 pm GMT+5:30","sivakoppisetti444@gmail.com","KOPPISETTI SIVA RAJA","20A31A0380","sivakoppisetti444@gmail.com","YES","YES"
"2024/03/21 3:04:41 pm GMT+5:30","dineshseethala@gmail.com","SEETHALA SHANMUKHA VENKATA DINESHUDAYKUMAR","20A31A0349","","YES","YES"
"2024/03/21 3:07:33 pm GMT+5:30","chodavarapumanohar24@gmail.com","CHODAVARAPU MANOHAR ","20A31A0368","chodavarapumanohar24@gmail.com","YES","YES"
"2024/03/21 3:09:23 pm GMT+5:30","sravanthivishnuboyina@gmail.com","VISHNUBOYINA SRAVANTHI ","21A35A0304","sravanthivishnuboyina@gmail.com","YES","YES"
"2024/03/21 3:13:49 pm GMT+5:30","rajamsaisuraj45@gmail.com","RAJAM SAI SURAJ","20A31A0344","rajamsaisuraj45@gmail.com","YES","YES"
"2024/03/21 3:13:57 pm GMT+5:30","20a31a0369@pragati.ac.in","DARABOINA SATISH","20A31A0369","satishsunny1550@gmail.com","YES","YES"
"2024/03/21 3:22:50 pm GMT+5:30","tumuharinarayana@gmail.com","TUMU HARI NARAYANA","20A31A0353","tumuharinarayana@gmail.com","YES","YES"
"2024/03/21 3:25:36 pm GMT+5:30","20a31a0371@pragati.ac.in","DODDIPATLA VENKATA SURYA NARAYANA ","20A31A0371","narayanadoddipatla@gmail.com","YES","YES"
"2024/03/21 3:33:42 pm GMT+5:30","akulap108@gmail.com","Akula pavan","20a31a0357","akulap108@gmail.com","YES","YES"
"2024/03/21 3:45:58 pm GMT+5:30","sekharbz9866@gmail.com","Bezawada Sekhar ","21A35A0311","bzsekh143@gmail.com ","No","YES"
"2024/03/21 3:47:12 pm GMT+5:30","koteswarrao2099@gmail.com","BHOOMIREDDY KOTESWAR RAO ","21a35a0305","koteswarrao2099@gmail.com","YES","YES"
"2024/03/21 4:13:00 pm GMT+5:30","jaswanth2003ch@gmail.com","PILLI JASWANTH SURESH ","20A31A0343","jaswanth2003ch@gmail.com","YES","YES"
"2024/03/21 4:22:13 pm GMT+5:30","ashoksaipudi@gmail.com","PUDI ASHOK SAI","21A35A0324","ashoksaipudi@gmail.com","YES","YES"
"2024/03/21 4:30:07 pm GMT+5:30","suryavamsi.g123@gmail.com","GANDHAM SURYA VAMSI","20A31A0374","suryavamsi.g123@gmail.com","YES","YES"
"2024/03/21 4:43:59 pm GMT+5:30","21a35a0307@pragati.ac.in","DRAKSHARAPU VENKATA NARAYANA ","21A35A0307","venkatanarayana2507@gmail.com","YES","YES"